<?xml version="1.0" encoding="UTF-8" ?>
<!DOCTYPE mapper
        PUBLIC "-//mybatis.org//DTD Mapper 3.0//EN"
        "http://mybatis.org/dtd/mybatis-3-mapper.dtd">

<mapper namespace="com.example.demo.repository.ArticleRepository">

<!--    <insert id="writeArticle" parameterType="map">-->
<!--        INSERT INTO article-->
<!--        SET-->
<!--            regDate = NOW(),-->
<!--		updateDate = NOW(),-->
<!--		title = #{title},-->
<!--            body = #{body},-->
<!--            memberId = #{memberId},-->
<!--            boardId = #{boardId}-->
<!--    </insert>-->

<!--    <delete id="deleteArticle" parameterType="int">-->
<!--        DELETE FROM article-->
<!--        WHERE id = #{id}-->
<!--    </delete>-->

<!--    <update id="modifyArticle" parameterType="map">-->
<!--        UPDATE article-->
<!--        <set>-->
<!--            <if test="title != null and title != ''">title = #{title},</if>-->
<!--            <if test="body != null and body != ''">`body` = #{body},</if>-->
<!--            updateDate = NOW()-->
<!--        </set>-->
<!--        WHERE id = #{id}-->
<!--    </update>-->

<!--    <select id="getArticleById" parameterType="int"-->
<!--            resultType="com.example.demo.vo.Article">-->
<!--        SELECT *-->
<!--        FROM article-->
<!--        WHERE id = #{id}-->
<!--    </select>-->

<!--    <select id="getArticleForPrint" parameterType="int"-->
<!--            resultType="com.example.demo.vo.Article">-->
<!--        SELECT A.*, M.nickName,-->
<!--        IFNULL(SUM(R.point), 0) AS 'extra_ReactionPoint'-->
<!--        FROM article A-->
<!--        JOIN `member` M-->
<!--        ON A.memberId = M.id-->
<!--        LEFT JOIN reactionPoint R-->
<!--        ON A.id = R.relId-->
<!--        WHERE A.id = #{id}-->
<!--        GROUP BY A.id-->
<!--        ORDER BY A.id DESC;-->
<!--    </select>-->

<!--    <select id="getArticles"-->
<!--            resultType="com.example.demo.vo.Article">-->
<!--        SELECT A.*, M.nickName AS extra_writer,-->
<!--        IFNULL(SUM(R.point), 0) AS 'extra_ReactionPoint'-->
<!--        FROM article A-->
<!--        JOIN `member` M-->
<!--        ON A.memberId = M.id-->
<!--        LEFT JOIN reactionPoint R-->
<!--        ON A.id = R.relId-->
<!--        <where>-->
<!--            <if test="searchItem == 1 and keyword != null">-->
<!--                AND A.title LIKE CONCAT('%', #{keyword}, '%')-->
<!--            </if>-->
<!--            <if test="searchItem == 2 and keyword != null">-->
<!--                AND A.body LIKE CONCAT('%', #{keyword}, '%')-->
<!--            </if>-->
<!--            <if test="searchItem == 3 and keyword != null">-->
<!--                AND M.nickName LIKE CONCAT('%', #{keyword}, '%')-->
<!--            </if>-->
<!--        </where>-->
<!--        GROUP BY A.id-->
<!--        ORDER BY A.id DESC-->
<!--        LIMIT #{limitFrom}, #{itemsInAPage}-->
<!--    </select>-->

<!--    <select id="getArticlesCnt">-->
<!--        SELECT COUNT(*)-->
<!--        FROM article A-->
<!--        JOIN `member` M-->
<!--        ON A.memberId = M.id-->
<!--        <where>-->
<!--            <if test="searchItem == 1 and keyword != null">-->
<!--                AND A.title LIKE CONCAT('%', #{keyword}, '%')-->
<!--            </if>-->
<!--            <if test="searchItem == 2 and keyword != null">-->
<!--                AND A.body LIKE CONCAT('%', #{keyword}, '%')-->
<!--            </if>-->
<!--            <if test="searchItem == 3 and keyword != null">-->
<!--                AND M.nickName LIKE CONCAT('%', #{keyword}, '%')-->
<!--            </if>-->
<!--        </where>-->
<!--    </select>-->

<!--    <select id="getLastInsertId" parameterType="int">-->
<!--        SELECT LAST_INSERT_ID()-->
<!--    </select>-->

<!--    <select id="getArticleCnt" parameterType="int">-->
<!--        SELECT COUNT(*)-->
<!--        FROM article-->
<!--    </select>-->

<!--    <update id="doIncHits" parameterType="int">-->
<!--        UPDATE article-->
<!--        SET hits = hits + 1-->
<!--        WHERE id = #{id}-->
<!--    </update>-->

<!--    <select id="getHits" parameterType="int">-->
<!--        SELECT hits-->
<!--        FROM article-->
<!--        WHERE id = #{id}-->
<!--    </select>-->

<!--    <select id="getLikes" parameterType="int">-->
<!--        SELECT COUNT(*)-->
<!--        FROM `like`-->
<!--        WHERE articleId = #{id}-->
<!--    </select>-->

<!--    <select id="isMyreaction" parameterType="int">-->
<!--        SELECT IFNULL((SELECT `point`-->
<!--                       FROM reactionPoint-->
<!--                       WHERE relTypeCode = 'article'-->
<!--                         AND relId =  #{articleId}-->
<!--                         AND memberId = #{loginedMemberId}), 0)-->
<!--    </select>-->

</mapper>